title,price,rating,colors,size,gender,timestamp
T-shirt 2,0.0,3.9,3,M,Women,2026-04-18 12:50:53
Hoodie 3,0.0,4.8,3,L,Unisex,2026-04-18 12:50:53
Pants 4,0.0,3.3,3,XL,Men,2026-04-18 12:50:53
Outerwear 5,0.0,3.5,3,XXL,Women,2026-04-18 12:50:53
Jacket 6,0.0,3.3,3,S,Unisex,2026-04-18 12:50:53
Crewneck 7,0.0,4.3,3,M,Men,2026-04-18 12:50:53
T-shirt 8,0.0,3.1,3,L,Women,2026-04-18 12:50:53
Hoodie 9,0.0,3.2,3,XL,Unisex,2026-04-18 12:50:53
Pants 10,0.0,4.2,3,XXL,Men,2026-04-18 12:50:53
Jacket 12,0.0,3.9,3,M,Unisex,2026-04-18 12:50:53
Crewneck 13,0.0,3.2,3,L,Men,2026-04-18 12:50:53
T-shirt 14,0.0,3.8,3,XL,Women,2026-04-18 12:50:53
Hoodie 15,0.0,3.6,3,XXL,Unisex,2026-04-18 12:50:53
Pants 16,0.0,0.0,8,S,Men,2026-04-18 12:50:53
Outerwear 17,0.0,3.8,3,M,Women,2026-04-18 12:50:53
Jacket 18,0.0,3.8,3,L,Unisex,2026-04-18 12:50:53
Crewneck 19,0.0,3.6,3,XL,Men,2026-04-18 12:50:53
T-shirt 20,0.0,3.4,3,XXL,Women,2026-04-18 12:50:53
T-shirt 2,0.0,3.9,3,M,Women,2026-04-18 12:50:54
Hoodie 3,0.0,4.8,3,L,Unisex,2026-04-18 12:50:54
Pants 4,0.0,3.3,3,XL,Men,2026-04-18 12:50:54
Outerwear 5,0.0,3.5,3,XXL,Women,2026-04-18 12:50:54
Jacket 6,0.0,3.3,3,S,Unisex,2026-04-18 12:50:54
Crewneck 7,0.0,4.3,3,M,Men,2026-04-18 12:50:54
T-shirt 8,0.0,3.1,3,L,Women,2026-04-18 12:50:54
Hoodie 9,0.0,3.2,3,XL,Unisex,2026-04-18 12:50:54
Pants 10,0.0,4.2,3,XXL,Men,2026-04-18 12:50:54
Jacket 12,0.0,3.9,3,M,Unisex,2026-04-18 12:50:54
Crewneck 13,0.0,3.2,3,L,Men,2026-04-18 12:50:54
T-shirt 14,0.0,3.8,3,XL,Women,2026-04-18 12:50:54
Hoodie 15,0.0,3.6,3,XXL,Unisex,2026-04-18 12:50:54
Pants 16,0.0,0.0,8,S,Men,2026-04-18 12:50:54
Outerwear 17,0.0,3.8,3,M,Women,2026-04-18 12:50:54
Jacket 18,0.0,3.8,3,L,Unisex,2026-04-18 12:50:54
Crewneck 19,0.0,3.6,3,XL,Men,2026-04-18 12:50:54
T-shirt 20,0.0,3.4,3,XXL,Women,2026-04-18 12:50:54
T-shirt 2,0.0,3.9,3,M,Women,2026-04-18 12:50:55
Hoodie 3,0.0,4.8,3,L,Unisex,2026-04-18 12:50:55
Pants 4,0.0,3.3,3,XL,Men,2026-04-18 12:50:55
Outerwear 5,0.0,3.5,3,XXL,Women,2026-04-18 12:50:55
Jacket 6,0.0,3.3,3,S,Unisex,2026-04-18 12:50:55
Crewneck 7,0.0,4.3,3,M,Men,2026-04-18 12:50:55
T-shirt 8,0.0,3.1,3,L,Women,2026-04-18 12:50:55
Hoodie 9,0.0,3.2,3,XL,Unisex,2026-04-18 12:50:55
Pants 10,0.0,4.2,3,XXL,Men,2026-04-18 12:50:55
Jacket 12,0.0,3.9,3,M,Unisex,2026-04-18 12:50:55
Crewneck 13,0.0,3.2,3,L,Men,2026-04-18 12:50:55
T-shirt 14,0.0,3.8,3,XL,Women,2026-04-18 12:50:55
Hoodie 15,0.0,3.6,3,XXL,Unisex,2026-04-18 12:50:55
Pants 16,0.0,0.0,8,S,Men,2026-04-18 12:50:55
Outerwear 17,0.0,3.8,3,M,Women,2026-04-18 12:50:55
Jacket 18,0.0,3.8,3,L,Unisex,2026-04-18 12:50:55
Crewneck 19,0.0,3.6,3,XL,Men,2026-04-18 12:50:55
T-shirt 20,0.0,3.4,3,XXL,Women,2026-04-18 12:50:55
T-shirt 2,0.0,3.9,3,M,Women,2026-04-18 12:50:56
Hoodie 3,0.0,4.8,3,L,Unisex,2026-04-18 12:50:56
Pants 4,0.0,3.3,3,XL,Men,2026-04-18 12:50:56
Outerwear 5,0.0,3.5,3,XXL,Women,2026-04-18 12:50:56
Jacket 6,0.0,3.3,3,S,Unisex,2026-04-18 12:50:56
Crewneck 7,0.0,4.3,3,M,Men,2026-04-18 12:50:56
T-shirt 8,0.0,3.1,3,L,Women,2026-04-18 12:50:56
Hoodie 9,0.0,3.2,3,XL,Unisex,2026-04-18 12:50:56
Pants 10,0.0,4.2,3,XXL,Men,2026-04-18 12:50:56
Jacket 12,0.0,3.9,3,M,Unisex,2026-04-18 12:50:56
Crewneck 13,0.0,3.2,3,L,Men,2026-04-18 12:50:56
T-shirt 14,0.0,3.8,3,XL,Women,2026-04-18 12:50:56
Hoodie 15,0.0,3.6,3,XXL,Unisex,2026-04-18 12:50:56
Pants 16,0.0,0.0,8,S,Men,2026-04-18 12:50:56
Outerwear 17,0.0,3.8,3,M,Women,2026-04-18 12:50:56
Jacket 18,0.0,3.8,3,L,Unisex,2026-04-18 12:50:56
Crewneck 19,0.0,3.6,3,XL,Men,2026-04-18 12:50:56
T-shirt 20,0.0,3.4,3,XXL,Women,2026-04-18 12:50:56
T-shirt 2,0.0,3.9,3,M,Women,2026-04-18 12:50:57
Hoodie 3,0.0,4.8,3,L,Unisex,2026-04-18 12:50:57
Pants 4,0.0,3.3,3,XL,Men,2026-04-18 12:50:57
Outerwear 5,0.0,3.5,3,XXL,Women,2026-04-18 12:50:57
Jacket 6,0.0,3.3,3,S,Unisex,2026-04-18 12:50:57
Crewneck 7,0.0,4.3,3,M,Men,2026-04-18 12:50:57
T-shirt 8,0.0,3.1,3,L,Women,2026-04-18 12:50:57
Hoodie 9,0.0,3.2,3,XL,Unisex,2026-04-18 12:50:57
Pants 10,0.0,4.2,3,XXL,Men,2026-04-18 12:50:57
Jacket 12,0.0,3.9,3,M,Unisex,2026-04-18 12:50:57
Crewneck 13,0.0,3.2,3,L,Men,2026-04-18 12:50:57
T-shirt 14,0.0,3.8,3,XL,Women,2026-04-18 12:50:57
Hoodie 15,0.0,3.6,3,XXL,Unisex,2026-04-18 12:50:57
Pants 16,0.0,0.0,8,S,Men,2026-04-18 12:50:57
Outerwear 17,0.0,3.8,3,M,Women,2026-04-18 12:50:57
Jacket 18,0.0,3.8,3,L,Unisex,2026-04-18 12:50:57
Crewneck 19,0.0,3.6,3,XL,Men,2026-04-18 12:50:57
T-shirt 20,0.0,3.4,3,XXL,Women,2026-04-18 12:50:57
T-shirt 2,0.0,3.9,3,M,Women,2026-04-18 12:50:58
Hoodie 3,0.0,4.8,3,L,Unisex,2026-04-18 12:50:58
Pants 4,0.0,3.3,3,XL,Men,2026-04-18 12:50:58
Outerwear 5,0.0,3.5,3,XXL,Women,2026-04-18 12:50:58
Jacket 6,0.0,3.3,3,S,Unisex,2026-04-18 12:50:58
Crewneck 7,0.0,4.3,3,M,Men,2026-04-18 12:50:58
T-shirt 8,0.0,3.1,3,L,Women,2026-04-18 12:50:58
Hoodie 9,0.0,3.2,3,XL,Unisex,2026-04-18 12:50:58
Pants 10,0.0,4.2,3,XXL,Men,2026-04-18 12:50:58
Jacket 12,0.0,3.9,3,M,Unisex,2026-04-18 12:50:58
Crewneck 13,0.0,3.2,3,L,Men,2026-04-18 12:50:58
T-shirt 14,0.0,3.8,3,XL,Women,2026-04-18 12:50:58
Hoodie 15,0.0,3.6,3,XXL,Unisex,2026-04-18 12:50:58
Pants 16,0.0,0.0,8,S,Men,2026-04-18 12:50:58
Outerwear 17,0.0,3.8,3,M,Women,2026-04-18 12:50:58
Jacket 18,0.0,3.8,3,L,Unisex,2026-04-18 12:50:58
Crewneck 19,0.0,3.6,3,XL,Men,2026-04-18 12:50:58
T-shirt 20,0.0,3.4,3,XXL,Women,2026-04-18 12:50:58
T-shirt 2,0.0,3.9,3,M,Women,2026-04-18 12:50:59
Hoodie 3,0.0,4.8,3,L,Unisex,2026-04-18 12:50:59
Pants 4,0.0,3.3,3,XL,Men,2026-04-18 12:50:59
Outerwear 5,0.0,3.5,3,XXL,Women,2026-04-18 12:50:59
Jacket 6,0.0,3.3,3,S,Unisex,2026-04-18 12:50:59
Crewneck 7,0.0,4.3,3,M,Men,2026-04-18 12:50:59
T-shirt 8,0.0,3.1,3,L,Women,2026-04-18 12:50:59
Hoodie 9,0.0,3.2,3,XL,Unisex,2026-04-18 12:50:59
Pants 10,0.0,4.2,3,XXL,Men,2026-04-18 12:50:59
Jacket 12,0.0,3.9,3,M,Unisex,2026-04-18 12:50:59
Crewneck 13,0.0,3.2,3,L,Men,2026-04-18 12:50:59
T-shirt 14,0.0,3.8,3,XL,Women,2026-04-18 12:50:59
Hoodie 15,0.0,3.6,3,XXL,Unisex,2026-04-18 12:50:59
Pants 16,0.0,0.0,8,S,Men,2026-04-18 12:50:59
Outerwear 17,0.0,3.8,3,M,Women,2026-04-18 12:50:59
Jacket 18,0.0,3.8,3,L,Unisex,2026-04-18 12:50:59
Crewneck 19,0.0,3.6,3,XL,Men,2026-04-18 12:50:59
T-shirt 20,0.0,3.4,3,XXL,Women,2026-04-18 12:50:59
T-shirt 2,0.0,3.9,3,M,Women,2026-04-18 12:51:00
Hoodie 3,0.0,4.8,3,L,Unisex,2026-04-18 12:51:00
Pants 4,0.0,3.3,3,XL,Men,2026-04-18 12:51:00
Outerwear 5,0.0,3.5,3,XXL,Women,2026-04-18 12:51:00
Jacket 6,0.0,3.3,3,S,Unisex,2026-04-18 12:51:00
Crewneck 7,0.0,4.3,3,M,Men,2026-04-18 12:51:00
T-shirt 8,0.0,3.1,3,L,Women,2026-04-18 12:51:00
Hoodie 9,0.0,3.2,3,XL,Unisex,2026-04-18 12:51:00
Pants 10,0.0,4.2,3,XXL,Men,2026-04-18 12:51:00
Jacket 12,0.0,3.9,3,M,Unisex,2026-04-18 12:51:00
Crewneck 13,0.0,3.2,3,L,Men,2026-04-18 12:51:00
T-shirt 14,0.0,3.8,3,XL,Women,2026-04-18 12:51:00
Hoodie 15,0.0,3.6,3,XXL,Unisex,2026-04-18 12:51:00
Pants 16,0.0,0.0,8,S,Men,2026-04-18 12:51:00
Outerwear 17,0.0,3.8,3,M,Women,2026-04-18 12:51:00
Jacket 18,0.0,3.8,3,L,Unisex,2026-04-18 12:51:00
Crewneck 19,0.0,3.6,3,XL,Men,2026-04-18 12:51:00
T-shirt 20,0.0,3.4,3,XXL,Women,2026-04-18 12:51:00
T-shirt 2,0.0,3.9,3,M,Women,2026-04-18 12:51:01
Hoodie 3,0.0,4.8,3,L,Unisex,2026-04-18 12:51:01
Pants 4,0.0,3.3,3,XL,Men,2026-04-18 12:51:01
Outerwear 5,0.0,3.5,3,XXL,Women,2026-04-18 12:51:01
Jacket 6,0.0,3.3,3,S,Unisex,2026-04-18 12:51:01
Crewneck 7,0.0,4.3,3,M,Men,2026-04-18 12:51:01
T-shirt 8,0.0,3.1,3,L,Women,2026-04-18 12:51:01
Hoodie 9,0.0,3.2,3,XL,Unisex,2026-04-18 12:51:01
Pants 10,0.0,4.2,3,XXL,Men,2026-04-18 12:51:01
Jacket 12,0.0,3.9,3,M,Unisex,2026-04-18 12:51:01
Crewneck 13,0.0,3.2,3,L,Men,2026-04-18 12:51:01
T-shirt 14,0.0,3.8,3,XL,Women,2026-04-18 12:51:01
Hoodie 15,0.0,3.6,3,XXL,Unisex,2026-04-18 12:51:01
Pants 16,0.0,0.0,8,S,Men,2026-04-18 12:51:01
Outerwear 17,0.0,3.8,3,M,Women,2026-04-18 12:51:01
Jacket 18,0.0,3.8,3,L,Unisex,2026-04-18 12:51:01
Crewneck 19,0.0,3.6,3,XL,Men,2026-04-18 12:51:01
T-shirt 20,0.0,3.4,3,XXL,Women,2026-04-18 12:51:01
T-shirt 2,0.0,3.9,3,M,Women,2026-04-18 12:51:02
Hoodie 3,0.0,4.8,3,L,Unisex,2026-04-18 12:51:02
Pants 4,0.0,3.3,3,XL,Men,2026-04-18 12:51:02
Outerwear 5,0.0,3.5,3,XXL,Women,2026-04-18 12:51:02
Jacket 6,0.0,3.3,3,S,Unisex,2026-04-18 12:51:02
Crewneck 7,0.0,4.3,3,M,Men,2026-04-18 12:51:02
T-shirt 8,0.0,3.1,3,L,Women,2026-04-18 12:51:02
Hoodie 9,0.0,3.2,3,XL,Unisex,2026-04-18 12:51:02
Pants 10,0.0,4.2,3,XXL,Men,2026-04-18 12:51:02
Jacket 12,0.0,3.9,3,M,Unisex,2026-04-18 12:51:02
Crewneck 13,0.0,3.2,3,L,Men,2026-04-18 12:51:02
T-shirt 14,0.0,3.8,3,XL,Women,2026-04-18 12:51:02
Hoodie 15,0.0,3.6,3,XXL,Unisex,2026-04-18 12:51:02
Pants 16,0.0,0.0,8,S,Men,2026-04-18 12:51:02
Outerwear 17,0.0,3.8,3,M,Women,2026-04-18 12:51:02
Jacket 18,0.0,3.8,3,L,Unisex,2026-04-18 12:51:02
Crewneck 19,0.0,3.6,3,XL,Men,2026-04-18 12:51:02
T-shirt 20,0.0,3.4,3,XXL,Women,2026-04-18 12:51:02
T-shirt 2,0.0,3.9,3,M,Women,2026-04-18 12:51:03
Hoodie 3,0.0,4.8,3,L,Unisex,2026-04-18 12:51:03
Pants 4,0.0,3.3,3,XL,Men,2026-04-18 12:51:03
Outerwear 5,0.0,3.5,3,XXL,Women,2026-04-18 12:51:03
Jacket 6,0.0,3.3,3,S,Unisex,2026-04-18 12:51:03
Crewneck 7,0.0,4.3,3,M,Men,2026-04-18 12:51:03
T-shirt 8,0.0,3.1,3,L,Women,2026-04-18 12:51:03
Hoodie 9,0.0,3.2,3,XL,Unisex,2026-04-18 12:51:03
Pants 10,0.0,4.2,3,XXL,Men,2026-04-18 12:51:03
Jacket 12,0.0,3.9,3,M,Unisex,2026-04-18 12:51:03
Crewneck 13,0.0,3.2,3,L,Men,2026-04-18 12:51:03
T-shirt 14,0.0,3.8,3,XL,Women,2026-04-18 12:51:03
Hoodie 15,0.0,3.6,3,XXL,Unisex,2026-04-18 12:51:03
Pants 16,0.0,0.0,8,S,Men,2026-04-18 12:51:03
Outerwear 17,0.0,3.8,3,M,Women,2026-04-18 12:51:03
Jacket 18,0.0,3.8,3,L,Unisex,2026-04-18 12:51:03
Crewneck 19,0.0,3.6,3,XL,Men,2026-04-18 12:51:03
T-shirt 20,0.0,3.4,3,XXL,Women,2026-04-18 12:51:03
T-shirt 2,0.0,3.9,3,M,Women,2026-04-18 12:51:04
Hoodie 3,0.0,4.8,3,L,Unisex,2026-04-18 12:51:04
Pants 4,0.0,3.3,3,XL,Men,2026-04-18 12:51:04
Outerwear 5,0.0,3.5,3,XXL,Women,2026-04-18 12:51:04
Jacket 6,0.0,3.3,3,S,Unisex,2026-04-18 12:51:04
Crewneck 7,0.0,4.3,3,M,Men,2026-04-18 12:51:04
T-shirt 8,0.0,3.1,3,L,Women,2026-04-18 12:51:04
Hoodie 9,0.0,3.2,3,XL,Unisex,2026-04-18 12:51:04
Pants 10,0.0,4.2,3,XXL,Men,2026-04-18 12:51:04
Jacket 12,0.0,3.9,3,M,Unisex,2026-04-18 12:51:04
Crewneck 13,0.0,3.2,3,L,Men,2026-04-18 12:51:04
T-shirt 14,0.0,3.8,3,XL,Women,2026-04-18 12:51:04
Hoodie 15,0.0,3.6,3,XXL,Unisex,2026-04-18 12:51:04
Pants 16,0.0,0.0,8,S,Men,2026-04-18 12:51:04
Outerwear 17,0.0,3.8,3,M,Women,2026-04-18 12:51:04
Jacket 18,0.0,3.8,3,L,Unisex,2026-04-18 12:51:04
Crewneck 19,0.0,3.6,3,XL,Men,2026-04-18 12:51:04
T-shirt 20,0.0,3.4,3,XXL,Women,2026-04-18 12:51:04
T-shirt 2,0.0,3.9,3,M,Women,2026-04-18 12:51:05
Hoodie 3,0.0,4.8,3,L,Unisex,2026-04-18 12:51:05
Pants 4,0.0,3.3,3,XL,Men,2026-04-18 12:51:05
Outerwear 5,0.0,3.5,3,XXL,Women,2026-04-18 12:51:05
Jacket 6,0.0,3.3,3,S,Unisex,2026-04-18 12:51:05
Crewneck 7,0.0,4.3,3,M,Men,2026-04-18 12:51:05
T-shirt 8,0.0,3.1,3,L,Women,2026-04-18 12:51:05
Hoodie 9,0.0,3.2,3,XL,Unisex,2026-04-18 12:51:05
Pants 10,0.0,4.2,3,XXL,Men,2026-04-18 12:51:05
Jacket 12,0.0,3.9,3,M,Unisex,2026-04-18 12:51:05
Crewneck 13,0.0,3.2,3,L,Men,2026-04-18 12:51:05
T-shirt 14,0.0,3.8,3,XL,Women,2026-04-18 12:51:05
Hoodie 15,0.0,3.6,3,XXL,Unisex,2026-04-18 12:51:05
Pants 16,0.0,0.0,8,S,Men,2026-04-18 12:51:05
Outerwear 17,0.0,3.8,3,M,Women,2026-04-18 12:51:05
Jacket 18,0.0,3.8,3,L,Unisex,2026-04-18 12:51:05
Crewneck 19,0.0,3.6,3,XL,Men,2026-04-18 12:51:05
T-shirt 20,0.0,3.4,3,XXL,Women,2026-04-18 12:51:05
T-shirt 2,0.0,3.9,3,M,Women,2026-04-18 12:51:06
Hoodie 3,0.0,4.8,3,L,Unisex,2026-04-18 12:51:06
Pants 4,0.0,3.3,3,XL,Men,2026-04-18 12:51:06
Outerwear 5,0.0,3.5,3,XXL,Women,2026-04-18 12:51:06
Jacket 6,0.0,3.3,3,S,Unisex,2026-04-18 12:51:06
Crewneck 7,0.0,4.3,3,M,Men,2026-04-18 12:51:06
T-shirt 8,0.0,3.1,3,L,Women,2026-04-18 12:51:06
Hoodie 9,0.0,3.2,3,XL,Unisex,2026-04-18 12:51:06
Pants 10,0.0,4.2,3,XXL,Men,2026-04-18 12:51:06
Jacket 12,0.0,3.9,3,M,Unisex,2026-04-18 12:51:06
Crewneck 13,0.0,3.2,3,L,Men,2026-04-18 12:51:06
T-shirt 14,0.0,3.8,3,XL,Women,2026-04-18 12:51:06
Hoodie 15,0.0,3.6,3,XXL,Unisex,2026-04-18 12:51:06
Pants 16,0.0,0.0,8,S,Men,2026-04-18 12:51:06
Outerwear 17,0.0,3.8,3,M,Women,2026-04-18 12:51:06
Jacket 18,0.0,3.8,3,L,Unisex,2026-04-18 12:51:06
Crewneck 19,0.0,3.6,3,XL,Men,2026-04-18 12:51:06
T-shirt 20,0.0,3.4,3,XXL,Women,2026-04-18 12:51:06
T-shirt 2,0.0,3.9,3,M,Women,2026-04-18 12:51:07
Hoodie 3,0.0,4.8,3,L,Unisex,2026-04-18 12:51:07
Pants 4,0.0,3.3,3,XL,Men,2026-04-18 12:51:07
Outerwear 5,0.0,3.5,3,XXL,Women,2026-04-18 12:51:07
Jacket 6,0.0,3.3,3,S,Unisex,2026-04-18 12:51:07
Crewneck 7,0.0,4.3,3,M,Men,2026-04-18 12:51:07
T-shirt 8,0.0,3.1,3,L,Women,2026-04-18 12:51:07
Hoodie 9,0.0,3.2,3,XL,Unisex,2026-04-18 12:51:07
Pants 10,0.0,4.2,3,XXL,Men,2026-04-18 12:51:07
Jacket 12,0.0,3.9,3,M,Unisex,2026-04-18 12:51:07
Crewneck 13,0.0,3.2,3,L,Men,2026-04-18 12:51:07
T-shirt 14,0.0,3.8,3,XL,Women,2026-04-18 12:51:07
Hoodie 15,0.0,3.6,3,XXL,Unisex,2026-04-18 12:51:07
Pants 16,0.0,0.0,8,S,Men,2026-04-18 12:51:07
Outerwear 17,0.0,3.8,3,M,Women,2026-04-18 12:51:07
Jacket 18,0.0,3.8,3,L,Unisex,2026-04-18 12:51:07
Crewneck 19,0.0,3.6,3,XL,Men,2026-04-18 12:51:07
T-shirt 20,0.0,3.4,3,XXL,Women,2026-04-18 12:51:07
T-shirt 2,0.0,3.9,3,M,Women,2026-04-18 12:51:08
Hoodie 3,0.0,4.8,3,L,Unisex,2026-04-18 12:51:08
Pants 4,0.0,3.3,3,XL,Men,2026-04-18 12:51:08
Outerwear 5,0.0,3.5,3,XXL,Women,2026-04-18 12:51:08
Jacket 6,0.0,3.3,3,S,Unisex,2026-04-18 12:51:08
Crewneck 7,0.0,4.3,3,M,Men,2026-04-18 12:51:08
T-shirt 8,0.0,3.1,3,L,Women,2026-04-18 12:51:08
Hoodie 9,0.0,3.2,3,XL,Unisex,2026-04-18 12:51:08
Pants 10,0.0,4.2,3,XXL,Men,2026-04-18 12:51:08
Jacket 12,0.0,3.9,3,M,Unisex,2026-04-18 12:51:08
Crewneck 13,0.0,3.2,3,L,Men,2026-04-18 12:51:08
T-shirt 14,0.0,3.8,3,XL,Women,2026-04-18 12:51:08
Hoodie 15,0.0,3.6,3,XXL,Unisex,2026-04-18 12:51:08
Pants 16,0.0,0.0,8,S,Men,2026-04-18 12:51:08
Outerwear 17,0.0,3.8,3,M,Women,2026-04-18 12:51:08
Jacket 18,0.0,3.8,3,L,Unisex,2026-04-18 12:51:08
Crewneck 19,0.0,3.6,3,XL,Men,2026-04-18 12:51:08
T-shirt 20,0.0,3.4,3,XXL,Women,2026-04-18 12:51:08
T-shirt 2,0.0,3.9,3,M,Women,2026-04-18 12:51:09
Hoodie 3,0.0,4.8,3,L,Unisex,2026-04-18 12:51:09
Pants 4,0.0,3.3,3,XL,Men,2026-04-18 12:51:09
Outerwear 5,0.0,3.5,3,XXL,Women,2026-04-18 12:51:09
Jacket 6,0.0,3.3,3,S,Unisex,2026-04-18 12:51:09
Crewneck 7,0.0,4.3,3,M,Men,2026-04-18 12:51:09
T-shirt 8,0.0,3.1,3,L,Women,2026-04-18 12:51:09
Hoodie 9,0.0,3.2,3,XL,Unisex,2026-04-18 12:51:09
Pants 10,0.0,4.2,3,XXL,Men,2026-04-18 12:51:09
Jacket 12,0.0,3.9,3,M,Unisex,2026-04-18 12:51:09
Crewneck 13,0.0,3.2,3,L,Men,2026-04-18 12:51:09
T-shirt 14,0.0,3.8,3,XL,Women,2026-04-18 12:51:09
Hoodie 15,0.0,3.6,3,XXL,Unisex,2026-04-18 12:51:09
Pants 16,0.0,0.0,8,S,Men,2026-04-18 12:51:09
Outerwear 17,0.0,3.8,3,M,Women,2026-04-18 12:51:09
Jacket 18,0.0,3.8,3,L,Unisex,2026-04-18 12:51:09
Crewneck 19,0.0,3.6,3,XL,Men,2026-04-18 12:51:09
T-shirt 20,0.0,3.4,3,XXL,Women,2026-04-18 12:51:09
T-shirt 2,0.0,3.9,3,M,Women,2026-04-18 12:51:10
Hoodie 3,0.0,4.8,3,L,Unisex,2026-04-18 12:51:10
Pants 4,0.0,3.3,3,XL,Men,2026-04-18 12:51:10
Outerwear 5,0.0,3.5,3,XXL,Women,2026-04-18 12:51:10
Jacket 6,0.0,3.3,3,S,Unisex,2026-04-18 12:51:10
Crewneck 7,0.0,4.3,3,M,Men,2026-04-18 12:51:10
T-shirt 8,0.0,3.1,3,L,Women,2026-04-18 12:51:10
Hoodie 9,0.0,3.2,3,XL,Unisex,2026-04-18 12:51:10
Pants 10,0.0,4.2,3,XXL,Men,2026-04-18 12:51:10
Jacket 12,0.0,3.9,3,M,Unisex,2026-04-18 12:51:10
Crewneck 13,0.0,3.2,3,L,Men,2026-04-18 12:51:10
T-shirt 14,0.0,3.8,3,XL,Women,2026-04-18 12:51:10
Hoodie 15,0.0,3.6,3,XXL,Unisex,2026-04-18 12:51:10
Pants 16,0.0,0.0,8,S,Men,2026-04-18 12:51:10
Outerwear 17,0.0,3.8,3,M,Women,2026-04-18 12:51:10
Jacket 18,0.0,3.8,3,L,Unisex,2026-04-18 12:51:10
Crewneck 19,0.0,3.6,3,XL,Men,2026-04-18 12:51:10
T-shirt 20,0.0,3.4,3,XXL,Women,2026-04-18 12:51:10
T-shirt 2,0.0,3.9,3,M,Women,2026-04-18 12:51:11
Hoodie 3,0.0,4.8,3,L,Unisex,2026-04-18 12:51:11
Pants 4,0.0,3.3,3,XL,Men,2026-04-18 12:51:11
Outerwear 5,0.0,3.5,3,XXL,Women,2026-04-18 12:51:11
Jacket 6,0.0,3.3,3,S,Unisex,2026-04-18 12:51:11
Crewneck 7,0.0,4.3,3,M,Men,2026-04-18 12:51:11
T-shirt 8,0.0,3.1,3,L,Women,2026-04-18 12:51:11
Hoodie 9,0.0,3.2,3,XL,Unisex,2026-04-18 12:51:11
Pants 10,0.0,4.2,3,XXL,Men,2026-04-18 12:51:11
Jacket 12,0.0,3.9,3,M,Unisex,2026-04-18 12:51:11
Crewneck 13,0.0,3.2,3,L,Men,2026-04-18 12:51:11
T-shirt 14,0.0,3.8,3,XL,Women,2026-04-18 12:51:11
Hoodie 15,0.0,3.6,3,XXL,Unisex,2026-04-18 12:51:11
Pants 16,0.0,0.0,8,S,Men,2026-04-18 12:51:11
Outerwear 17,0.0,3.8,3,M,Women,2026-04-18 12:51:11
Jacket 18,0.0,3.8,3,L,Unisex,2026-04-18 12:51:11
Crewneck 19,0.0,3.6,3,XL,Men,2026-04-18 12:51:11
T-shirt 20,0.0,3.4,3,XXL,Women,2026-04-18 12:51:11
T-shirt 2,0.0,3.9,3,M,Women,2026-04-18 12:51:12
Hoodie 3,0.0,4.8,3,L,Unisex,2026-04-18 12:51:12
Pants 4,0.0,3.3,3,XL,Men,2026-04-18 12:51:12
Outerwear 5,0.0,3.5,3,XXL,Women,2026-04-18 12:51:12
Jacket 6,0.0,3.3,3,S,Unisex,2026-04-18 12:51:12
Crewneck 7,0.0,4.3,3,M,Men,2026-04-18 12:51:12
T-shirt 8,0.0,3.1,3,L,Women,2026-04-18 12:51:12
Hoodie 9,0.0,3.2,3,XL,Unisex,2026-04-18 12:51:12
Pants 10,0.0,4.2,3,XXL,Men,2026-04-18 12:51:12
Jacket 12,0.0,3.9,3,M,Unisex,2026-04-18 12:51:12
Crewneck 13,0.0,3.2,3,L,Men,2026-04-18 12:51:12
T-shirt 14,0.0,3.8,3,XL,Women,2026-04-18 12:51:12
Hoodie 15,0.0,3.6,3,XXL,Unisex,2026-04-18 12:51:12
Pants 16,0.0,0.0,8,S,Men,2026-04-18 12:51:12
Outerwear 17,0.0,3.8,3,M,Women,2026-04-18 12:51:12
Jacket 18,0.0,3.8,3,L,Unisex,2026-04-18 12:51:12
Crewneck 19,0.0,3.6,3,XL,Men,2026-04-18 12:51:12
T-shirt 20,0.0,3.4,3,XXL,Women,2026-04-18 12:51:12
T-shirt 2,0.0,3.9,3,M,Women,2026-04-18 12:51:13
Hoodie 3,0.0,4.8,3,L,Unisex,2026-04-18 12:51:13
Pants 4,0.0,3.3,3,XL,Men,2026-04-18 12:51:13
Outerwear 5,0.0,3.5,3,XXL,Women,2026-04-18 12:51:13
Jacket 6,0.0,3.3,3,S,Unisex,2026-04-18 12:51:13
Crewneck 7,0.0,4.3,3,M,Men,2026-04-18 12:51:13
T-shirt 8,0.0,3.1,3,L,Women,2026-04-18 12:51:13
Hoodie 9,0.0,3.2,3,XL,Unisex,2026-04-18 12:51:13
Pants 10,0.0,4.2,3,XXL,Men,2026-04-18 12:51:13
Jacket 12,0.0,3.9,3,M,Unisex,2026-04-18 12:51:13
Crewneck 13,0.0,3.2,3,L,Men,2026-04-18 12:51:13
T-shirt 14,0.0,3.8,3,XL,Women,2026-04-18 12:51:13
Hoodie 15,0.0,3.6,3,XXL,Unisex,2026-04-18 12:51:13
Pants 16,0.0,0.0,8,S,Men,2026-04-18 12:51:13
Outerwear 17,0.0,3.8,3,M,Women,2026-04-18 12:51:13
Jacket 18,0.0,3.8,3,L,Unisex,2026-04-18 12:51:13
Crewneck 19,0.0,3.6,3,XL,Men,2026-04-18 12:51:13
T-shirt 20,0.0,3.4,3,XXL,Women,2026-04-18 12:51:13
T-shirt 2,0.0,3.9,3,M,Women,2026-04-18 12:51:14
Hoodie 3,0.0,4.8,3,L,Unisex,2026-04-18 12:51:14
Pants 4,0.0,3.3,3,XL,Men,2026-04-18 12:51:14
Outerwear 5,0.0,3.5,3,XXL,Women,2026-04-18 12:51:14
Jacket 6,0.0,3.3,3,S,Unisex,2026-04-18 12:51:14
Crewneck 7,0.0,4.3,3,M,Men,2026-04-18 12:51:14
T-shirt 8,0.0,3.1,3,L,Women,2026-04-18 12:51:14
Hoodie 9,0.0,3.2,3,XL,Unisex,2026-04-18 12:51:14
Pants 10,0.0,4.2,3,XXL,Men,2026-04-18 12:51:14
Jacket 12,0.0,3.9,3,M,Unisex,2026-04-18 12:51:14
Crewneck 13,0.0,3.2,3,L,Men,2026-04-18 12:51:14
T-shirt 14,0.0,3.8,3,XL,Women,2026-04-18 12:51:14
Hoodie 15,0.0,3.6,3,XXL,Unisex,2026-04-18 12:51:14
Pants 16,0.0,0.0,8,S,Men,2026-04-18 12:51:14
Outerwear 17,0.0,3.8,3,M,Women,2026-04-18 12:51:14
Jacket 18,0.0,3.8,3,L,Unisex,2026-04-18 12:51:14
Crewneck 19,0.0,3.6,3,XL,Men,2026-04-18 12:51:14
T-shirt 20,0.0,3.4,3,XXL,Women,2026-04-18 12:51:14
T-shirt 2,0.0,3.9,3,M,Women,2026-04-18 12:51:15
Hoodie 3,0.0,4.8,3,L,Unisex,2026-04-18 12:51:15
Pants 4,0.0,3.3,3,XL,Men,2026-04-18 12:51:15
Outerwear 5,0.0,3.5,3,XXL,Women,2026-04-18 12:51:15
Jacket 6,0.0,3.3,3,S,Unisex,2026-04-18 12:51:15
Crewneck 7,0.0,4.3,3,M,Men,2026-04-18 12:51:15
T-shirt 8,0.0,3.1,3,L,Women,2026-04-18 12:51:15
Hoodie 9,0.0,3.2,3,XL,Unisex,2026-04-18 12:51:15
Pants 10,0.0,4.2,3,XXL,Men,2026-04-18 12:51:15
Jacket 12,0.0,3.9,3,M,Unisex,2026-04-18 12:51:15
Crewneck 13,0.0,3.2,3,L,Men,2026-04-18 12:51:15
T-shirt 14,0.0,3.8,3,XL,Women,2026-04-18 12:51:15
Hoodie 15,0.0,3.6,3,XXL,Unisex,2026-04-18 12:51:15
Pants 16,0.0,0.0,8,S,Men,2026-04-18 12:51:15
Outerwear 17,0.0,3.8,3,M,Women,2026-04-18 12:51:15
Jacket 18,0.0,3.8,3,L,Unisex,2026-04-18 12:51:15
Crewneck 19,0.0,3.6,3,XL,Men,2026-04-18 12:51:15
T-shirt 20,0.0,3.4,3,XXL,Women,2026-04-18 12:51:15
T-shirt 2,0.0,3.9,3,M,Women,2026-04-18 12:51:16
Hoodie 3,0.0,4.8,3,L,Unisex,2026-04-18 12:51:16
Pants 4,0.0,3.3,3,XL,Men,2026-04-18 12:51:16
Outerwear 5,0.0,3.5,3,XXL,Women,2026-04-18 12:51:16
Jacket 6,0.0,3.3,3,S,Unisex,2026-04-18 12:51:16
Crewneck 7,0.0,4.3,3,M,Men,2026-04-18 12:51:16
T-shirt 8,0.0,3.1,3,L,Women,2026-04-18 12:51:16
Hoodie 9,0.0,3.2,3,XL,Unisex,2026-04-18 12:51:16
Pants 10,0.0,4.2,3,XXL,Men,2026-04-18 12:51:16
Jacket 12,0.0,3.9,3,M,Unisex,2026-04-18 12:51:16
Crewneck 13,0.0,3.2,3,L,Men,2026-04-18 12:51:16
T-shirt 14,0.0,3.8,3,XL,Women,2026-04-18 12:51:16
Hoodie 15,0.0,3.6,3,XXL,Unisex,2026-04-18 12:51:16
Pants 16,0.0,0.0,8,S,Men,2026-04-18 12:51:16
Outerwear 17,0.0,3.8,3,M,Women,2026-04-18 12:51:16
Jacket 18,0.0,3.8,3,L,Unisex,2026-04-18 12:51:16
Crewneck 19,0.0,3.6,3,XL,Men,2026-04-18 12:51:16
T-shirt 20,0.0,3.4,3,XXL,Women,2026-04-18 12:51:16
T-shirt 2,0.0,3.9,3,M,Women,2026-04-18 12:51:17
Hoodie 3,0.0,4.8,3,L,Unisex,2026-04-18 12:51:17
Pants 4,0.0,3.3,3,XL,Men,2026-04-18 12:51:17
Outerwear 5,0.0,3.5,3,XXL,Women,2026-04-18 12:51:17
Jacket 6,0.0,3.3,3,S,Unisex,2026-04-18 12:51:17
Crewneck 7,0.0,4.3,3,M,Men,2026-04-18 12:51:17
T-shirt 8,0.0,3.1,3,L,Women,2026-04-18 12:51:17
Hoodie 9,0.0,3.2,3,XL,Unisex,2026-04-18 12:51:17
Pants 10,0.0,4.2,3,XXL,Men,2026-04-18 12:51:17
Jacket 12,0.0,3.9,3,M,Unisex,2026-04-18 12:51:17
Crewneck 13,0.0,3.2,3,L,Men,2026-04-18 12:51:17
T-shirt 14,0.0,3.8,3,XL,Women,2026-04-18 12:51:17
Hoodie 15,0.0,3.6,3,XXL,Unisex,2026-04-18 12:51:17
Pants 16,0.0,0.0,8,S,Men,2026-04-18 12:51:17
Outerwear 17,0.0,3.8,3,M,Women,2026-04-18 12:51:17
Jacket 18,0.0,3.8,3,L,Unisex,2026-04-18 12:51:17
Crewneck 19,0.0,3.6,3,XL,Men,2026-04-18 12:51:17
T-shirt 20,0.0,3.4,3,XXL,Women,2026-04-18 12:51:17
T-shirt 2,0.0,3.9,3,M,Women,2026-04-18 12:51:18
Hoodie 3,0.0,4.8,3,L,Unisex,2026-04-18 12:51:18
Pants 4,0.0,3.3,3,XL,Men,2026-04-18 12:51:18
Outerwear 5,0.0,3.5,3,XXL,Women,2026-04-18 12:51:18
Jacket 6,0.0,3.3,3,S,Unisex,2026-04-18 12:51:18
Crewneck 7,0.0,4.3,3,M,Men,2026-04-18 12:51:18
T-shirt 8,0.0,3.1,3,L,Women,2026-04-18 12:51:18
Hoodie 9,0.0,3.2,3,XL,Unisex,2026-04-18 12:51:18
Pants 10,0.0,4.2,3,XXL,Men,2026-04-18 12:51:18
Jacket 12,0.0,3.9,3,M,Unisex,2026-04-18 12:51:18
Crewneck 13,0.0,3.2,3,L,Men,2026-04-18 12:51:18
T-shirt 14,0.0,3.8,3,XL,Women,2026-04-18 12:51:18
Hoodie 15,0.0,3.6,3,XXL,Unisex,2026-04-18 12:51:18
Pants 16,0.0,0.0,8,S,Men,2026-04-18 12:51:18
Outerwear 17,0.0,3.8,3,M,Women,2026-04-18 12:51:18
Jacket 18,0.0,3.8,3,L,Unisex,2026-04-18 12:51:18
Crewneck 19,0.0,3.6,3,XL,Men,2026-04-18 12:51:18
T-shirt 20,0.0,3.4,3,XXL,Women,2026-04-18 12:51:18
T-shirt 2,0.0,3.9,3,M,Women,2026-04-18 12:51:19
Hoodie 3,0.0,4.8,3,L,Unisex,2026-04-18 12:51:19
Pants 4,0.0,3.3,3,XL,Men,2026-04-18 12:51:19
Outerwear 5,0.0,3.5,3,XXL,Women,2026-04-18 12:51:19
Jacket 6,0.0,3.3,3,S,Unisex,2026-04-18 12:51:19
Crewneck 7,0.0,4.3,3,M,Men,2026-04-18 12:51:19
T-shirt 8,0.0,3.1,3,L,Women,2026-04-18 12:51:19
Hoodie 9,0.0,3.2,3,XL,Unisex,2026-04-18 12:51:19
Pants 10,0.0,4.2,3,XXL,Men,2026-04-18 12:51:19
Jacket 12,0.0,3.9,3,M,Unisex,2026-04-18 12:51:19
Crewneck 13,0.0,3.2,3,L,Men,2026-04-18 12:51:19
T-shirt 14,0.0,3.8,3,XL,Women,2026-04-18 12:51:19
Hoodie 15,0.0,3.6,3,XXL,Unisex,2026-04-18 12:51:19
Pants 16,0.0,0.0,8,S,Men,2026-04-18 12:51:19
Outerwear 17,0.0,3.8,3,M,Women,2026-04-18 12:51:19
Jacket 18,0.0,3.8,3,L,Unisex,2026-04-18 12:51:19
Crewneck 19,0.0,3.6,3,XL,Men,2026-04-18 12:51:19
T-shirt 20,0.0,3.4,3,XXL,Women,2026-04-18 12:51:19
T-shirt 2,0.0,3.9,3,M,Women,2026-04-18 12:51:20
Hoodie 3,0.0,4.8,3,L,Unisex,2026-04-18 12:51:20
Pants 4,0.0,3.3,3,XL,Men,2026-04-18 12:51:20
Outerwear 5,0.0,3.5,3,XXL,Women,2026-04-18 12:51:20
Jacket 6,0.0,3.3,3,S,Unisex,2026-04-18 12:51:20
Crewneck 7,0.0,4.3,3,M,Men,2026-04-18 12:51:20
T-shirt 8,0.0,3.1,3,L,Women,2026-04-18 12:51:20
Hoodie 9,0.0,3.2,3,XL,Unisex,2026-04-18 12:51:20
Pants 10,0.0,4.2,3,XXL,Men,2026-04-18 12:51:20
Jacket 12,0.0,3.9,3,M,Unisex,2026-04-18 12:51:20
Crewneck 13,0.0,3.2,3,L,Men,2026-04-18 12:51:20
T-shirt 14,0.0,3.8,3,XL,Women,2026-04-18 12:51:20
Hoodie 15,0.0,3.6,3,XXL,Unisex,2026-04-18 12:51:20
Pants 16,0.0,0.0,8,S,Men,2026-04-18 12:51:20
Outerwear 17,0.0,3.8,3,M,Women,2026-04-18 12:51:20
Jacket 18,0.0,3.8,3,L,Unisex,2026-04-18 12:51:20
Crewneck 19,0.0,3.6,3,XL,Men,2026-04-18 12:51:20
T-shirt 20,0.0,3.4,3,XXL,Women,2026-04-18 12:51:20
T-shirt 2,0.0,3.9,3,M,Women,2026-04-18 12:51:21
Hoodie 3,0.0,4.8,3,L,Unisex,2026-04-18 12:51:21
Pants 4,0.0,3.3,3,XL,Men,2026-04-18 12:51:21
Outerwear 5,0.0,3.5,3,XXL,Women,2026-04-18 12:51:21
Jacket 6,0.0,3.3,3,S,Unisex,2026-04-18 12:51:21
Crewneck 7,0.0,4.3,3,M,Men,2026-04-18 12:51:21
T-shirt 8,0.0,3.1,3,L,Women,2026-04-18 12:51:21
Hoodie 9,0.0,3.2,3,XL,Unisex,2026-04-18 12:51:21
Pants 10,0.0,4.2,3,XXL,Men,2026-04-18 12:51:21
Jacket 12,0.0,3.9,3,M,Unisex,2026-04-18 12:51:21
Crewneck 13,0.0,3.2,3,L,Men,2026-04-18 12:51:21
T-shirt 14,0.0,3.8,3,XL,Women,2026-04-18 12:51:21
Hoodie 15,0.0,3.6,3,XXL,Unisex,2026-04-18 12:51:21
Pants 16,0.0,0.0,8,S,Men,2026-04-18 12:51:21
Outerwear 17,0.0,3.8,3,M,Women,2026-04-18 12:51:21
Jacket 18,0.0,3.8,3,L,Unisex,2026-04-18 12:51:21
Crewneck 19,0.0,3.6,3,XL,Men,2026-04-18 12:51:21
T-shirt 20,0.0,3.4,3,XXL,Women,2026-04-18 12:51:21
T-shirt 2,0.0,3.9,3,M,Women,2026-04-18 12:51:22
Hoodie 3,0.0,4.8,3,L,Unisex,2026-04-18 12:51:22
Pants 4,0.0,3.3,3,XL,Men,2026-04-18 12:51:22
Outerwear 5,0.0,3.5,3,XXL,Women,2026-04-18 12:51:22
Jacket 6,0.0,3.3,3,S,Unisex,2026-04-18 12:51:22
Crewneck 7,0.0,4.3,3,M,Men,2026-04-18 12:51:22
T-shirt 8,0.0,3.1,3,L,Women,2026-04-18 12:51:22
Hoodie 9,0.0,3.2,3,XL,Unisex,2026-04-18 12:51:22
Pants 10,0.0,4.2,3,XXL,Men,2026-04-18 12:51:22
Jacket 12,0.0,3.9,3,M,Unisex,2026-04-18 12:51:22
Crewneck 13,0.0,3.2,3,L,Men,2026-04-18 12:51:22
T-shirt 14,0.0,3.8,3,XL,Women,2026-04-18 12:51:22
Hoodie 15,0.0,3.6,3,XXL,Unisex,2026-04-18 12:51:22
Pants 16,0.0,0.0,8,S,Men,2026-04-18 12:51:22
Outerwear 17,0.0,3.8,3,M,Women,2026-04-18 12:51:22
Jacket 18,0.0,3.8,3,L,Unisex,2026-04-18 12:51:22
Crewneck 19,0.0,3.6,3,XL,Men,2026-04-18 12:51:22
T-shirt 20,0.0,3.4,3,XXL,Women,2026-04-18 12:51:22
T-shirt 2,0.0,3.9,3,M,Women,2026-04-18 12:51:23
Hoodie 3,0.0,4.8,3,L,Unisex,2026-04-18 12:51:23
Pants 4,0.0,3.3,3,XL,Men,2026-04-18 12:51:23
Outerwear 5,0.0,3.5,3,XXL,Women,2026-04-18 12:51:23
Jacket 6,0.0,3.3,3,S,Unisex,2026-04-18 12:51:23
Crewneck 7,0.0,4.3,3,M,Men,2026-04-18 12:51:23
T-shirt 8,0.0,3.1,3,L,Women,2026-04-18 12:51:23
Hoodie 9,0.0,3.2,3,XL,Unisex,2026-04-18 12:51:23
Pants 10,0.0,4.2,3,XXL,Men,2026-04-18 12:51:23
Jacket 12,0.0,3.9,3,M,Unisex,2026-04-18 12:51:23
Crewneck 13,0.0,3.2,3,L,Men,2026-04-18 12:51:23
T-shirt 14,0.0,3.8,3,XL,Women,2026-04-18 12:51:23
Hoodie 15,0.0,3.6,3,XXL,Unisex,2026-04-18 12:51:23
Pants 16,0.0,0.0,8,S,Men,2026-04-18 12:51:23
Outerwear 17,0.0,3.8,3,M,Women,2026-04-18 12:51:23
Jacket 18,0.0,3.8,3,L,Unisex,2026-04-18 12:51:23
Crewneck 19,0.0,3.6,3,XL,Men,2026-04-18 12:51:23
T-shirt 20,0.0,3.4,3,XXL,Women,2026-04-18 12:51:23
T-shirt 2,0.0,3.9,3,M,Women,2026-04-18 12:51:24
Hoodie 3,0.0,4.8,3,L,Unisex,2026-04-18 12:51:24
Pants 4,0.0,3.3,3,XL,Men,2026-04-18 12:51:24
Outerwear 5,0.0,3.5,3,XXL,Women,2026-04-18 12:51:24
Jacket 6,0.0,3.3,3,S,Unisex,2026-04-18 12:51:24
Crewneck 7,0.0,4.3,3,M,Men,2026-04-18 12:51:24
T-shirt 8,0.0,3.1,3,L,Women,2026-04-18 12:51:24
Hoodie 9,0.0,3.2,3,XL,Unisex,2026-04-18 12:51:24
Pants 10,0.0,4.2,3,XXL,Men,2026-04-18 12:51:24
Jacket 12,0.0,3.9,3,M,Unisex,2026-04-18 12:51:24
Crewneck 13,0.0,3.2,3,L,Men,2026-04-18 12:51:24
T-shirt 14,0.0,3.8,3,XL,Women,2026-04-18 12:51:24
Hoodie 15,0.0,3.6,3,XXL,Unisex,2026-04-18 12:51:24
Pants 16,0.0,0.0,8,S,Men,2026-04-18 12:51:24
Outerwear 17,0.0,3.8,3,M,Women,2026-04-18 12:51:24
Jacket 18,0.0,3.8,3,L,Unisex,2026-04-18 12:51:24
Crewneck 19,0.0,3.6,3,XL,Men,2026-04-18 12:51:24
T-shirt 20,0.0,3.4,3,XXL,Women,2026-04-18 12:51:24
T-shirt 2,0.0,3.9,3,M,Women,2026-04-18 12:51:25
Hoodie 3,0.0,4.8,3,L,Unisex,2026-04-18 12:51:25
Pants 4,0.0,3.3,3,XL,Men,2026-04-18 12:51:25
Outerwear 5,0.0,3.5,3,XXL,Women,2026-04-18 12:51:25
Jacket 6,0.0,3.3,3,S,Unisex,2026-04-18 12:51:25
Crewneck 7,0.0,4.3,3,M,Men,2026-04-18 12:51:25
T-shirt 8,0.0,3.1,3,L,Women,2026-04-18 12:51:25
Hoodie 9,0.0,3.2,3,XL,Unisex,2026-04-18 12:51:25
Pants 10,0.0,4.2,3,XXL,Men,2026-04-18 12:51:25
Jacket 12,0.0,3.9,3,M,Unisex,2026-04-18 12:51:25
Crewneck 13,0.0,3.2,3,L,Men,2026-04-18 12:51:25
T-shirt 14,0.0,3.8,3,XL,Women,2026-04-18 12:51:25
Hoodie 15,0.0,3.6,3,XXL,Unisex,2026-04-18 12:51:25
Pants 16,0.0,0.0,8,S,Men,2026-04-18 12:51:25
Outerwear 17,0.0,3.8,3,M,Women,2026-04-18 12:51:25
Jacket 18,0.0,3.8,3,L,Unisex,2026-04-18 12:51:25
Crewneck 19,0.0,3.6,3,XL,Men,2026-04-18 12:51:25
T-shirt 20,0.0,3.4,3,XXL,Women,2026-04-18 12:51:25
T-shirt 2,0.0,3.9,3,M,Women,2026-04-18 12:51:26
Hoodie 3,0.0,4.8,3,L,Unisex,2026-04-18 12:51:26
Pants 4,0.0,3.3,3,XL,Men,2026-04-18 12:51:26
Outerwear 5,0.0,3.5,3,XXL,Women,2026-04-18 12:51:26
Jacket 6,0.0,3.3,3,S,Unisex,2026-04-18 12:51:26
Crewneck 7,0.0,4.3,3,M,Men,2026-04-18 12:51:26
T-shirt 8,0.0,3.1,3,L,Women,2026-04-18 12:51:26
Hoodie 9,0.0,3.2,3,XL,Unisex,2026-04-18 12:51:26
Pants 10,0.0,4.2,3,XXL,Men,2026-04-18 12:51:26
Jacket 12,0.0,3.9,3,M,Unisex,2026-04-18 12:51:26
Crewneck 13,0.0,3.2,3,L,Men,2026-04-18 12:51:26
T-shirt 14,0.0,3.8,3,XL,Women,2026-04-18 12:51:26
Hoodie 15,0.0,3.6,3,XXL,Unisex,2026-04-18 12:51:26
Pants 16,0.0,0.0,8,S,Men,2026-04-18 12:51:26
Outerwear 17,0.0,3.8,3,M,Women,2026-04-18 12:51:26
Jacket 18,0.0,3.8,3,L,Unisex,2026-04-18 12:51:26
Crewneck 19,0.0,3.6,3,XL,Men,2026-04-18 12:51:26
T-shirt 20,0.0,3.4,3,XXL,Women,2026-04-18 12:51:26
